Workbook

Sheet llm reader copy paste from py
A1: folder_name | B1: ticker | C1: tendency | D1: confidence
A2: 45922 | B2: AAPL | C2: bearish | D2: 65
A3: 45922 | B3: AMZN | C3: neutral | D3: 70
A4: 45922 | B4: GOOGL | C4: neutral | D4: 65
A5: 45922 | B5: MSFT | C5: bearish | D5: 70
A6: 45922 | B6: NVDA | C6: bearish | D6: 70
A7: 45931 | B7: CRWD | C7: bullish | D7: 65
A8: 45931 | B8: IBM | C8: bearish | D8: 64
A9: 45931 | B9: MCD | C9: bearish | D9: 62
A10: 45931 | B10: MSFT | C10: bullish | D10: 63
A11: 45931 | B11: NVDA | C11: bearish | D11: 62
A12: 45932 | B12: INTC | C12: bearish | D12: 65
A13: 45932 | B13: MSFT | C13: neutral | D13: 62
... A63: 45957 | B63: TSLA | C63: bearish | D63: 62
A64: 45958 | B64: AAPL | C64: bearish | D64: 58 | E64: =_xlfn.CONCAT(A64,B64) -> 45958AAPL | F64: =C64 -> bearish | G64: =D64 -> 58
A65: 45958 | B65: AMD | C65: bearish | D65: 55 | E65: =_xlfn.CONCAT(A65,B65) -> 45958AMD | F65: =C65 -> bearish
A66: 45958 | B66: DYNE | C66: bullish | D66: 58 | E66: =_xlfn.CONCAT(A66,B66) -> 45958DYNE | F66: =C66 -> bullish
A67: 45958 | B67: LULU | C67: bullish | D67: 56 | E67: =_xlfn.CONCAT(A67,B67) -> 45958LULU | F67: =C67 -> bullish
A68: 45958 | B68: NVDA | C68: bullish | D68: 62 | E68: =_xlfn.CONCAT(A68,B68) -> 45958NVDA | F68: =C68 -> bullish
A69: 45959 | B69: AMZN | C69: bullish | D69: 56 | E69: =_xlfn.CONCAT(A69,B69) -> 45959AMZN | F69: =C69 -> bullish
A70: 45959 | B70: MSFT | C70: bullish | D70: 65 | E70: =_xlfn.CONCAT(A70,B70) -> 45959MSFT | F70: =C70 -> bullish
A71: 45959 | B71: NVDA | C71: bullish | D71: 58 | E71: =_xlfn.CONCAT(A71,B71) -> 45959NVDA | F71: =C71 -> bullish
A72: 45959 | B72: PYPL | C72: bearish | D72: 58 | E72: =_xlfn.CONCAT(A72,B72) -> 45959PYPL | F72: =C72 -> bearish
A73: 45959 | B73: UAL | C73: bullish | D73: 58 | E73: =_xlfn.CONCAT(A73,B73) -> 45959UAL | F73: =C73 -> bullish
A74: 45960 | B74: CAT | C74: bullish | D74: 57 | E74: =_xlfn.CONCAT(A74,B74) -> 45960CAT | F74: =C74 -> bullish
A75: 45960 | B75: CVNA | C75: bearish | D75: 62 | E75: =_xlfn.CONCAT(A75,B75) -> 45960CVNA | F75: =C75 -> bearish
A76: 45960 | B76: MSFT | C76: bullish | D76: 60 | E76: =_xlfn.CONCAT(A76,B76) -> 45960MSFT | F76: =C76 -> bullish
... A195: 45988 | B195: NVDA | C195: bullish | D195: 65 | E195: =_xlfn.CONCAT(A195,B195) -> 45988NVDA | F195: =C195 -> bullish

Sheet new
A1: Date | B1: Date | C1: Ticker | D1: id | E1: order | F1: order_amount | G1: Open | H1: High | I1: Low | J1: Close | K1: profit_made | L1: flow_name | M1: Daily_return_pct | N1: Intraday_Return
A2: 45953 | B2: 45953 | C2: MSFT | D2: 1 | E2: bullish | F2: 1 | G2: 521.48 | H2: 522.97 | I2: 517.64 | J2: 519.59 | K2: -1.89 | L2: trade_flow_v1 | M2: 0 | N2: -0.0036
A3: 45953 | B3: 45953 | C3: TSLA | D3: 2 | E3: bearish | F3: 1 | G3: 420 | H3: 449.4 | I3: 413.9 | J3: 448.98 | K3: 28.98 | L3: trade_flow_v1 | M3: 2.28 | N3: 0.069
A4: 45953 | B4: 45953 | C4: HON | D4: 3 | E4: bullish | F4: 1 | G4: 201.43 | H4: 208.44 | I4: 200.73 | J4: 206.74 | K4: 5.31 | L4: trade_flow_v1 | M4: 6.81 | N4: 0.0264
A5: 45953 | B5: 45953 | C5: AAL | D5: 4 | E5: bullish | F5: 1 | G5: 12.74 | H5: 13.04 | I5: 12.35 | J5: 12.77 | K5: 0.03 | L5: trade_flow_v1 | M5: 5.62 | N5: 0.0024
A6: 45954 | B6: 45954 | C6: AMD | D6: 8 | E6: bullish | F6: 1 | G6: 243.36 | H6: 253.39 | I6: 241.95 | J6: 252.92 | K6: 9.56 | L6: trade_flow_v1 | M6: 7.63 | N6: 0.0393
A7: 45954 | B7: 45954 | C7: MSFT | D7: 9 | E7: neutral | F7: 1 | G7: 521.81 | H7: 524.37 | I7: 519.74 | J7: 522.63 | K7: 0.82 | L7: trade_flow_v1 | M7: 0.59 | N7: 0.0016
A8: 45954 | B8: 45954 | C8: GM | D8: 10 | E8: bearish | F8: 1 | G8: 67.46 | H8: 69.7 | I8: 67.29 | J8: 69.66 | K8: 2.2 | L8: trade_flow_v1 | M8: 4.2 | N8: 0.0326
A9: 45954 | B9: 45954 | C9: TSLA | D9: 11 | E9: bullish | F9: 1 | G9: 446.83 | H9: 451.68 | I9: 430.17 | J9: 433.72 | K9: -13.11 | L9: trade_flow_v1 | M9: -3.4 | N9: -0.0293
A10: 45954 | B10: 45954 | C10: PG | D10: 12 | E10: bullish | F10: 1 | G10: 156.4 | H10: 157.4 | I10: 151.53 | J10: 152.49 | K10: -3.91 | L10: trade_flow_v1 | M10: 0.88 | N10: -0.025
A11: 45954 | B11: 45954 | C11: AMD | D11: 13 | G11: 243.36 | H11: 253.39 | I11: 241.95 | J11: 252.92 | K11: 9.56 | L11: trade_flow_v1 | M11: 7.63 | N11: 0.0393
A12: 45954 | B12: 45954 | C12: MSFT | D12: 14 | G12: 521.81 | H12: 524.37 | I12: 519.74 | J12: 522.63 | K12: 0.82 | L12: trade_flow_v1 | M12: 0.59 | N12: 0.0016
A13: 45954 | B13: 45954 | C13: GM | D13: 15 | G13: 67.46 | H13: 69.7 | I13: 67.29 | J13: 69.66 | K13: 2.2 | L13: trade_flow_v1 | M13: 4.2 | N13: 0.0326
A14: 45954 | B14: 45954 | C14: TSLA | D14: 16 | G14: 446.83 | H14: 451.68 | I14: 430.17 | J14: 433.72 | K14: -13.11 | L14: trade_flow_v1 | M14: -3.4 | N14: -0.0293
A15: 45954 | B15: 45954 | C15: PG | D15: 17 | G15: 156.4 | H15: 157.4 | I15: 151.53 | J15: 152.49 | K15: -3.91 | L15: trade_flow_v1 | M15: 0.88 | N15: -0.025
A16: 45954 | B16: 45954 | C16: AMD | D16: 18 | G16: 243.36 | H16: 253.39 | I16: 241.95 | J16: 252.92 | K16: 9.56 | L16: trade_flow_v1 | M16: 7.63 | N16: 0.0393
A17: 45954 | B17: 45954 | C17: MSFT | D17: 19 | G17: 521.81 | H17: 524.37 | I17: 519.74 | J17: 522.63 | K17: 0.82 | L17: trade_flow_v1 | M17: 0.59 | N17: 0.0016
A18: 45954 | B18: 45954 | C18: AAL | D18: 20 | E18: bullish | F18: 1 | G18: 13 | H18: 13.89 | I18: 12.9 | J18: 13.78 | K18: 0.78 | L18: trade_flow_v1 | M18: 7.91 | N18: 0.06
A19: 45954 | B19: 45954 | C19: HON | D19: 21 | E19: bullish | F19: 1 | G19: 206.99 | H19: 206.99 | I19: 201.2 | J19: 202.5 | K19: -4.49 | L19: trade_flow_v1 | M19: -2.05 | N19: -0.0217
A20: 45954 | B20: 45954 | C20: GM | D20: 22 | G20: 67.46 | H20: 69.7 | I20: 67.29 | J20: 69.66 | K20: 2.2 | L20: trade_flow_v1 | M20: 4.2 | N20: 0.0326
A21: 45955 | B21: 45955 | C21: AMD | D21: 23 | E21: bullish | F21: 1 | G21: 243.36 | H21: 253.39 | I21: 241.95 | J21: 252.92 | K21: 9.56 | L21: trade_flow_v1 | M21: 7.63 | N21: 0.0393
A22: 45955 | B22: 45955 | C22: MSFT | D22: 24 | E22: bullish | F22: 1 | G22: 521.81 | H22: 524.37 | I22: 519.74 | J22: 522.63 | K22: 0.82 | L22: trade_flow_v1 | M22: 0.59 | N22: 0.0016
A23: 45955 | B23: 45955 | C23: AAL | D23: 25 | E23: bullish | F23: 1 | G23: 13 | H23: 13.89 | I23: 12.9 | J23: 13.78 | K23: 0.78 | L23: trade_flow_v1 | M23: 7.91 | N23: 0.06
A24: 45955 | B24: 45955 | C24: HON | D24: 26 | E24: bullish | F24: 1 | G24: 206.99 | H24: 206.99 | I24: 201.2 | J24: 202.5 | K24: -4.49 | L24: trade_flow_v1 | M24: -2.05 | N24: -0.0217
A25: 45955 | B25: 45955 | C25: PFE | D25: 27 | E25: bearish | F25: 1 | G25: 24.27 | H25: 24.4 | I25: 24.25 | J25: 24.33 | K25: 0.06 | L25: trade_flow_v1 | M25: 0.36 | N25: 0.0025
A26: 45956 | B26: 45956 | C26: AMD | D26: 28 | E26: bullish | F26: 1 | G26: 243.36 | H26: 253.39 | I26: 241.95 | J26: 252.92 | K26: 9.56 | L26: trade_flow_v1 | M26: 7.63 | N26: 0.0393
A27: 45956 | B27: 45956 | C27: MSFT | D27: 29 | E27: bullish | F27: 1 | G27: 521.81 | H27: 524.37 | I27: 519.74 | J27: 522.63 | K27: 0.82 | L27: trade_flow_v1 | M27: 0.59 | N27: 0.0016
A28: 45956 | B28: 45956 | C28: AAL | D28: 30 | E28: bullish | F28: 1 | G28: 13 | H28: 13.89 | I28: 12.9 | J28: 13.78 | K28: 0.78 | L28: trade_flow_v1 | M28: 7.91 | N28: 0.06
A29: 45956 | B29: 45956 | C29: HON | D29: 31 | E29: bullish | F29: 1 | G29: 206.99 | H29: 206.99 | I29: 201.2 | J29: 202.5 | K29: -4.49 | L29: trade_flow_v1 | M29: -2.05 | N29: -0.0217
A30: 45956 | B30: 45956 | C30: PFE | D30: 32 | E30: bearish | F30: 1 | G30: 24.27 | H30: 24.4 | I30: 24.25 | J30: 24.33 | K30: 0.06 | L30: trade_flow_v1 | M30: 0.36 | N30: 0.0025
A31: 45956 | B31: 45956 | C31: AMD | D31: 33 | E31: bullish | F31: 1 | G31: 243.36 | H31: 253.39 | I31: 241.95 | J31: 252.92 | K31: 9.56 | L31: trade_flow_v1 | M31: 7.63 | N31: 0.0393
A32: 45956 | B32: 45956 | C32: MSFT | D32: 34 | E32: bullish | F32: 1 | G32: 521.81 | H32: 524.37 | I32: 519.74 | J32: 522.63 | K32: 0.82 | L32: trade_flow_v1 | M32: 0.59 | N32: 0.0016
... A110: 45957 | B110: 45957 | C110: PFE | D110: 112 | E110: bearish | F110: 1 | G110: 24.31 | H110: 24.37 | I110: 24.2 | J110: 24.34 | K110: 0.03 | L110: trade_flow_v1 | M110: 0.04 | N110: 0.0012
A111: 45957 | B111: 45957 | C111: AMD | D111: 113 | G111: 257.88 | H111: 260.42 | I111: 249.8 | J111: 259.67 | K111: 1.79 | L111: trade_flow_v1 | M111: 2.67 | N111: 0.0069
A112: 45957 | B112: 45957 | C112: MSFT | D112: 114 | G112: 530.79 | H112: 533.58 | I112: 528.02 | J112: 530.53 | K112: -0.26 | L112: trade_flow_v1 | M112: 1.51 | N112: -0.0005
A113: 45957 | B113: 45957 | C113: AAL | D113: 115 | G113: 13.78 | H113: 13.85 | I113: 13.34 | J113: 13.41 | K113: -0.37 | L113: trade_flow_v1 | M113: -2.69 | N113: -0.0269
A114: 45957 | B114: 45957 | C114: HON | D114: 116 | G114: 205.14 | H114: 205.38 | I114: 201.15 | J114: 201.5 | K114: -3.64 | L114: trade_flow_v1 | M114: -0.5 | N114: -0.0177
A115: 45957 | B115: 45957 | C115: PFE | D115: 117 | G115: 24.31 | H115: 24.37 | I115: 24.2 | J115: 24.34 | K115: 0.03 | L115: trade_flow_v1 | M115: 0.04 | N115: 0.0012
A116: 45957 | B116: 45957 | C116: DYN | D116: 118 | E116: bearish | F116: 1 | G116: 23.4 | H116: 24.95 | I116: 23 | J116: 24.17 | K116: 0.77 | L116: trade_flow_v1 | M116: 41.18 | N116: 0.0329
A117: 45957 | B117: 45957 | C117: LULU | D117: 119 | E117: bearish | F117: 1 | G117: 186.43 | H117: 186.91 | I117: 181.33 | J117: 181.39 | K117: -5.04 | L117: trade_flow_v1 | M117: 1.81 | N117: -0.027
A118: 45957 | B118: 45957 | C118: TSLA | D118: 120 | E118: bearish | F118: 1 | G118: 439.98 | H118: 460.16 | I118: 438.69 | J118: 452.42 | K118: 12.44 | L118: trade_flow_v1 | M118: 4.31 | N118: 0.0283
A119: 45957 | B119: 45957 | C119: NVDA | D119: 121 | E119: bearish | F119: 1 | G119: 189.99 | H119: 192 | I119: 188.43 | J119: 191.49 | K119: 1.5 | L119: trade_flow_v1 | M119: 2.81 | N119: 0.0079
A120: 45957 | B120: 45957 | C120: AAPL | D120: 122 | E120: bullish | G120: 264.62 | H120: 268.86 | I120: 264.39 | J120: 268.55 | K120: 3.93 | L120: trade_flow_v1 | M120: 2.28 | N120: 0.0149
A121: 45958 | B121: 45958 | C121: DYN | E121: bullish | G121: 24.13 | H121: 25 | I121: 23.78 | J121: 24.29 | K121: 0.16 | L121: trade_flow_v1 | M121: 0.5 | N121: 0.0066
A122: 45958 | B122: 45958 | C122: LULU | E122: =edit!F122 -> bullish | G122: 181.4 | H122: 181.52 | I122: 175.18 | J122: 179.98 | K122: -1.42 | L122: trade_flow_v1 | M122: -0.78 | N122: -0.0078
A123: 45958 | B123: 45958 | C123: NVDA | E123: =edit!F123 -> bullish | G123: 193.05 | H123: 203.15 | I123: 191.91 | J123: 201.03 | K123: 7.98 | L123: trade_flow_v1 | M123: 4.98 | N123: 0.0413
A124: 45958 | B124: 45958 | C124: AAPL | E124: =edit!F124 -> bearish | G124: 268.73 | H124: 269.63 | I124: 267.89 | J124: 268.74 | K124: 0.01 | L124: trade_flow_v1 | M124: 0.07 | N124: 0
A125: 45958 | B125: 45958 | C125: AMD | E125: =edit!F125 -> bearish | G125: 259.14 | H125: 264.58 | I125: 257 | J125: 258.01 | K125: -1.13 | L125: trade_flow_v1 | M125: -0.64 | N125: -0.0044
A126: 45959 | B126: 45959 | C126: MSFT | E126: =edit!F126 -> bullish | G126: 543.92 | H126: 545.25 | I126: 535.73 | J126: 540.54 | K126: -3.38 | L126: trade_flow_v1 | M126: -0.1 | N126: -0.0062
A127: 45959 | B127: 45959 | C127: NVDA | E127: =edit!F127 -> bullish | G127: 207.98 | H127: 212.19 | I127: 204.78 | J127: 207.04 | K127: -0.94 | L127: trade_flow_v1 | M127: 2.99 | N127: -0.0045
A128: 45959 | B128: 45959 | C128: AMZN | E128: =edit!F128 -> bullish | G128: 231.67 | H128: 232.82 | I128: 227.76 | J128: 230.3 | K128: -1.37 | L128: trade_flow_v1 | M128: 0.46 | N128: -0.0059
A129: 45959 | B129: 45959 | C129: UAL | E129: =edit!F129 -> bullish | G129: 95.21 | H129: 97.57 | I129: 94.5 | J129: 95.93 | K129: 0.72 | L129: trade_flow_v1 | M129: 1.04 | N129: 0.0076
A130: 45959 | B130: 45959 | C130: PYPL | E130: =edit!F130 -> bearish | G130: 72.53 | H130: 72.56 | I130: 69.16 | J130: 69.52 | K130: -3.01 | L130: trade_flow_v1 | M130: -4.57 | N130: -0.0415
A131: 45960 | B131: 45960 | C131: NOW | E131: =edit!F131 -> bullish | G131: 926.73 | H131: 964.83 | I131: 896.93 | J131: 934.68 | K131: 7.95 | L131: trade_flow_v1 | M131: 2.52 | N131: 0.0086
A132: 45960 | B132: 45960 | C132: CVNA | E132: =edit!F132 -> bearish | G132: 312.1 | H132: 326.71 | I132: 301.26 | J132: 305.07 | K132: -7.03 | L132: trade_flow_v1 | M132: -13.81 | N132: -0.0225
A133: 45960 | B133: 45960 | C133: MSFT | E133: =edit!F133 -> bullish | G133: 529.49 | H133: 533.97 | I133: 521.14 | J133: 524.78 | K133: -4.71 | L133: trade_flow_v1 | M133: -2.92 | N133: -0.0089
... A186: 45968 | B186: 45968 | C186: EXPE | E186: =edit!F186 -> bearish | G186: 246.59 | H186: 263.76 | I186: 245.36 | J186: 257.82 | K186: 11.23 | L186: trade_flow_v1 | M186: 17.55 | N186: 0.0455
A187: 45968 | B187: 45968 | C187: =edit!C187 -> DASH | E187: =edit!F187 -> bullish | L187: trade_flow_v1
A188: 45968 | B188: 45968 | C188: LYFT | E188: =edit!F188 -> bearish | G188: 21.06 | H188: 22.1 | I188: 20.52 | J188: 22.04 | K188: 0.98 | L188: trade_flow_v1 | M188: 3.72 | N188: 0.0465
A189: 45968 | B189: 45968 | C189: AMZN | E189: =edit!F189 -> bullish | G189: 242.9 | H189: 244.9 | I189: 238.49 | J189: 244.41 | K189: 1.51 | L189: trade_flow_v1 | M189: 0.56 | N189: 0.0062
A190: 45968 | B190: 45968 | C190: MCD | E190: =edit!F190 -> bullish | G190: 300.34 | H190: 302.55 | I190: 298.33 | J190: 299.66 | K190: -0.68 | L190: trade_flow_v1 | M190: 0.42 | N190: -0.0023
A191: 45971 | B191: 45971 | C191: EXPE | E191: =edit!F191 -> bullish | G191: 261.86 | H191: 269.77 | I191: 260.15 | J191: 267.59 | K191: 5.73 | L191: trade_flow_v1 | M191: 3.79 | N191: 0.0219
A192: 45971 | B192: 45971 | C192: TSLA | E192: =edit!F192 -> bearish | G192: 439.6 | H192: 449.67 | I192: 433.36 | J192: 445.23 | K192: 5.63 | L192: trade_flow_v1 | M192: 3.66 | N192: 0.0128
A193: 45971 | B193: 45971 | C193: PTON | E193: =edit!F193 -> bearish | G193: 7.72 | H193: 7.92 | I193: 7.41 | J193: 7.44 | K193: -0.28 | L193: trade_flow_v1 | M193: -2.87 | N193: -0.0363
A194: 45971 | B194: 45971 | C194: AMD | E194: =edit!F194 -> bullish | G194: 242.14 | H194: 248.9 | I194: 240.5 | J194: 243.98 | K194: 1.84 | L194: trade_flow_v1 | M194: 4.47 | N194: 0.0076
A195: 45971 | B195: 45971 | C195: PENN | E195: =edit!F195 -> bearish | G195: 15.03 | H195: 15.92 | I195: 15 | J195: 15.6 | K195: 0.57 | L195: trade_flow_v1 | M195: 7.29 | N195: 0.0379
A196: 45972 | B196: 45972 | C196: CLOV | E196: =edit!F196 -> bullish | G196: 2.6 | H196: 2.63 | I196: 2.52 | J196: 2.55 | K196: -0.05 | L196: trade_flow_v1 | M196: -1.92 | N196: -0.0192
A197: 45972 | B197: 45972 | C197: AMD | E197: =edit!F197 -> bearish | G197: 241.66 | H197: 248.46 | I197: 234.64 | J197: 237.52 | K197: -4.14 | L197: trade_flow_v1 | M197: -2.65 | N197: -0.0171
A198: 45972 | B198: 45972 | C198: NVDA | E198: =edit!F198 -> bullish | G198: 195.16 | H198: 195.42 | I198: 191.3 | J198: 193.16 | K198: -2 | L198: trade_flow_v1 | M198: -2.96 | N198: -0.0102
A199: 45972 | B199: 45972 | C199: TSLA | E199: =edit!F199 -> bearish | G199: 439.4 | H199: 442.49 | I199: 432.36 | J199: 439.62 | K199: 0.22 | L199: trade_flow_v1 | M199: -1.26 | N199: 0.0005
... A210: 45974 | B210: 45974 | C210: F | E210: =edit!F210 -> bearish | G210: 13.4 | H210: 13.5 | I210: 13.25 | J210: 13.28 | K210: -0.12 | L210: trade_flow_v1 | M210: -1.26 | N210: -0.009
A211: 45974 | B211: 45974 | E211: =edit!F211 -> #N/A | L211: trade_flow_v1
A212: 45975 | B212: 45975 | C212: NKE | E212: =edit!F212 -> bearish | G212: 64.94 | H212: 65.06 | I212: 63.75 | J212: 64.17 | K212: -0.77 | L212: trade_flow_v1 | M212: -2.82 | N212: -0.0119
A213: 45975 | B213: 45975 | C213: AMD | E213: =edit!F213 -> bearish | G213: 240.11 | H213: 253.44 | I213: 235.08 | J213: 246.81 | K213: 6.7 | L213: trade_flow_v1 | M213: -0.46 | N213: 0.0279
A214: 45975 | B214: 45975 | C214: NVDA | E214: =edit!F214 -> bearish | G214: 182.86 | H214: 191.01 | I214: 180.58 | J214: 190.17 | K214: 7.31 | L214: trade_flow_v1 | M214: 1.77 | N214: 0.04
A215: 45975 | B215: 45975 | C215: MU | E215: =edit!F215 -> bullish | G215: 231.45 | H215: 255.17 | I215: 231.23 | J215: 246.83 | K215: 15.38 | L215: trade_flow_v1 | M215: 4.17 | N215: 0.0665
A216: 45975 | B216: 45975 | C216: DIS | E216: =edit!F216 -> bearish | G216: 107.52 | H216: 108.73 | I216: 105.3 | J216: 105.8 | K216: -1.72 | L216: trade_flow_v1 | M216: -1.68 | N216: -0.016
A217: 45978 | B217: 45978 | C217: GOOGL | E217: =edit!F217 -> bearish | G217: 285.78 | H217: 293.95 | I217: 283.57 | J217: 285.02 | K217: -0.76 | L217: trade_flow_v1 | M217: 3.11 | N217: -0.0027
A218: 45978 | B218: 45978 | C218: MSFT | E218: =edit!F218 -> neutral | G218: 507.5 | H218: 511.16 | I218: 503.97 | J218: 506.54 | K218: -0.96 | L218: trade_flow_v1 | M218: -0.53 | N218: -0.0019
A219: 45978 | B219: 45978 | C219: NVDA | E219: =edit!F219 -> bullish | G219: 185.97 | H219: 189 | I219: 184.32 | J219: 186.6 | K219: 0.63 | L219: trade_flow_v1 | M219: -1.88 | N219: 0.0034
A220: 45978 | B220: 45978 | C220: AAPL | E220: =edit!F220 -> bullish | G220: 268.82 | H220: 270.49 | I220: 265.73 | J220: 267.46 | K220: -1.36 | L220: trade_flow_v1 | M220: -1.82 | N220: -0.0051
A221: 45978 | B221: 45978 | C221: AMZN | E221: =edit!F221 -> bullish | G221: 233.25 | H221: 234.6 | I221: 229.19 | J221: 232.87 | K221: -0.38 | L221: trade_flow_v1 | M221: -0.78 | N221: -0.0016
A222: 45979 | B222: 45979 | C222: ADBE | E222: =edit!F222 -> bullish | G222: 323.78 | H222: 326.64 | I222: 320.8 | J222: 324.47 | K222: 0.69 | L222: trade_flow_v1 | M222: -0.18 | N222: 0.0021
A223: 45979 | B223: 45979 | C223: =edit!C223 -> SQ | E223: =edit!F223 -> bearish | L223: trade_flow_v1
A224: 45979 | B224: 45979 | C224: CRM | E224: =edit!F224 -> bullish | G224: 236.24 | H224: 237.79 | I224: 230.27 | J224: 233.5 | K224: -2.74 | L224: trade_flow_v1 | M224: -1.49 | N224: -0.0116
A225: 45979 | B225: 45979 | C225: NVDA | E225: =edit!F225 -> bullish | G225: 183.38 | H225: 184.8 | I225: 179.65 | J225: 181.36 | K225: -2.02 | L225: trade_flow_v1 | M225: -2.81 | N225: -0.011
A226: 45979 | B226: 45979 | C226: ORCL | E226: =edit!F226 -> bullish | G226: 216.21 | H226: 223.7 | I226: 214.5 | J226: 220.49 | K226: 4.28 | L226: trade_flow_v1 | M226: 0.29 | N226: 0.0198
A227: 45980 | B227: 45980 | C227: AAPL | E227: =edit!F227 -> bullish | G227: 265.53 | H227: 272.21 | I227: 265.5 | J227: 268.56 | K227: 3.03 | L227: trade_flow_v1 | M227: 0.42 | N227: 0.0114
A228: 45980 | B228: 45980 | C228: NVDA | E228: =edit!F228 -> bullish | G228: 184.79 | H228: 187.86 | I228: 182.83 | J228: 186.52 | K228: 1.73 | L228: trade_flow_v1 | M228: 2.85 | N228: 0.0094
A229: 45980 | B229: 45980 | C229: GOOG | E229: =edit!F229 -> bearish | G229: 287.68 | H229: 304.25 | I229: 287.67 | J229: 292.99 | K229: 5.31 | L229: trade_flow_v1 | M229: 2.82 | N229: 0.0185
A230: 45980 | B230: 45980 | C230: DIS | E230: =edit!F230 -> bullish | G230: 106.08 | H230: 107.59 | I230: 104.08 | J230: 104.67 | K230: -1.41 | L230: trade_flow_v1 | M230: -1.51 | N230: -0.0133
A231: 45980 | B231: 45980 | C231: AMZN | E231: =edit!F231 -> bullish | G231: 223.74 | H231: 223.74 | I231: 218.52 | J231: 222.69 | K231: -1.05 | L231: trade_flow_v1 | M231: 0.06 | N231: -0.0047
A232: 45981 | B232: 45981 | C232: META | E232: =edit!F232 -> bullish | G232: 603.5 | H232: 606.72 | I232: 583.35 | J232: 589.15 | K232: -14.35 | L232: trade_flow_v1 | M232: -0.2 | N232: -0.0238
A233: 45981 | B233: 45981 | C233: TSLA | E233: =edit!F233 -> bearish | G233: 414.63 | H233: 428.94 | I233: 394.74 | J233: 395.23 | K233: -19.4 | L233: trade_flow_v1 | M233: -2.17 | N233: -0.0468
A234: 45981 | B234: 45981 | C234: MSFT | E234: =edit!F234 -> bullish | G234: 492.71 | H234: 493.57 | I234: 475.5 | J234: 478.43 | K234: -14.28 | L234: trade_flow_v1 | M234: -1.6 | N234: -0.029
A235: 45981 | B235: 45981 | C235: =edit!C235 -> SQ | E235: =edit!F235 -> bullish | L235: trade_flow_v1
A236: 45981 | B236: 45981 | C236: NFLX | E236: =edit!F236 -> bullish | G236: 111 | H236: 111.1 | I236: 105.39 | J236: 105.67 | K236: -5.33 | L236: trade_flow_v1 | M236: -3.94 | N236: -0.048
A237: 45982 | B237: 45982 | C237: ROST | E237: =edit!F237 -> bullish | G237: 166.73 | H237: 174.86 | I237: 163.51 | J237: 174 | K237: 7.27 | L237: trade_flow_v1 | M237: 8.41 | N237: 0.0436
A238: 45982 | B238: 45982 | C238: =edit!C238 -> GPS | E238: =edit!F238 -> bullish | L238: trade_flow_v1
A239: 45982 | B239: 45982 | C239: NVDA | E239: =edit!F239 -> bullish | G239: 181.24 | H239: 184.56 | I239: 172.93 | J239: 178.88 | K239: -2.36 | L239: trade_flow_v1 | M239: -0.97 | N239: -0.013
...

Sheet edit
A1: Date | B1: Date | C1: NEW TICKET | D1: OLD TICKER | E1: id | F1: order | G1: order_amount | H1: Open | I1: High | J1: Low | K1: Close | L1: profit_made | M1: flow_name | N1: Daily_return_pct | O1: Intraday_Return
A2: 45953 | B2: 45953 | C2: MSFT | D2: MSFT | E2: 1 | F2: bullish | G2: 1 | H2: 521.48 | I2: 522.97 | J2: 517.64 | K2: 519.59 | L2: -1.89 | M2: trade_flow_v1 | N2: 0 | O2: -0.0036
A3: 45953 | B3: 45953 | C3: TSLA | D3: TSLA | E3: 2 | F3: bearish | G3: 1 | H3: 420 | I3: 449.4 | J3: 413.9 | K3: 448.98 | L3: 28.98 | M3: trade_flow_v1 | N3: 2.28 | O3: 0.069
A4: 45953 | B4: 45953 | C4: HON | D4: HON | E4: 3 | F4: bullish | G4: 1 | H4: 201.43 | I4: 208.44 | J4: 200.73 | K4: 206.74 | L4: 5.31 | M4: trade_flow_v1 | N4: 6.81 | O4: 0.0264
A5: 45953 | B5: 45953 | C5: AAL | D5: AAL | E5: 4 | F5: bullish | G5: 1 | H5: 12.74 | I5: 13.04 | J5: 12.35 | K5: 12.77 | L5: 0.03 | M5: trade_flow_v1 | N5: 5.62 | O5: 0.0024
A6: 45954 | B6: 45954 | C6: AMD | D6: AMD | E6: 8 | F6: bullish | G6: 1 | H6: 243.36 | I6: 253.39 | J6: 241.95 | K6: 252.92 | L6: 9.56 | M6: trade_flow_v1 | N6: 7.63 | O6: 0.0393
A7: 45954 | B7: 45954 | C7: MSFT | D7: MSFT | E7: 9 | F7: neutral | G7: 1 | H7: 521.81 | I7: 524.37 | J7: 519.74 | K7: 522.63 | L7: 0.82 | M7: trade_flow_v1 | N7: 0.59 | O7: 0.0016
A8: 45954 | B8: 45954 | C8: GM | D8: GM | E8: 10 | F8: bearish | G8: 1 | H8: 67.46 | I8: 69.7 | J8: 67.29 | K8: 69.66 | L8: 2.2 | M8: trade_flow_v1 | N8: 4.2 | O8: 0.0326
A9: 45954 | B9: 45954 | C9: TSLA | D9: TSLA | E9: 11 | F9: bullish | G9: 1 | H9: 446.83 | I9: 451.68 | J9: 430.17 | K9: 433.72 | L9: -13.11 | M9: trade_flow_v1 | N9: -3.4 | O9: -0.0293
A10: 45954 | B10: 45954 | C10: PG | D10: PG | E10: 12 | F10: bullish | G10: 1 | H10: 156.4 | I10: 157.4 | J10: 151.53 | K10: 152.49 | L10: -3.91 | M10: trade_flow_v1 | N10: 0.88 | O10: -0.025
A11: 45954 | B11: 45954 | C11: AMD | D11: AMD | E11: 13 | H11: 243.36 | I11: 253.39 | J11: 241.95 | K11: 252.92 | L11: 9.56 | M11: trade_flow_v1 | N11: 7.63 | O11: 0.0393
A12: 45954 | B12: 45954 | C12: MSFT | D12: MSFT | E12: 14 | H12: 521.81 | I12: 524.37 | J12: 519.74 | K12: 522.63 | L12: 0.82 | M12: trade_flow_v1 | N12: 0.59 | O12: 0.0016
A13: 45954 | B13: 45954 | C13: GM | D13: GM | E13: 15 | H13: 67.46 | I13: 69.7 | J13: 67.29 | K13: 69.66 | L13: 2.2 | M13: trade_flow_v1 | N13: 4.2 | O13: 0.0326
A14: 45954 | B14: 45954 | C14: TSLA | D14: TSLA | E14: 16 | H14: 446.83 | I14: 451.68 | J14: 430.17 | K14: 433.72 | L14: -13.11 | M14: trade_flow_v1 | N14: -3.4 | O14: -0.0293
A15: 45954 | B15: 45954 | C15: PG | D15: PG | E15: 17 | H15: 156.4 | I15: 157.4 | J15: 151.53 | K15: 152.49 | L15: -3.91 | M15: trade_flow_v1 | N15: 0.88 | O15: -0.025
A16: 45954 | B16: 45954 | C16: AMD | D16: AMD | E16: 18 | H16: 243.36 | I16: 253.39 | J16: 241.95 | K16: 252.92 | L16: 9.56 | M16: trade_flow_v1 | N16: 7.63 | O16: 0.0393
A17: 45954 | B17: 45954 | C17: MSFT | D17: MSFT | E17: 19 | H17: 521.81 | I17: 524.37 | J17: 519.74 | K17: 522.63 | L17: 0.82 | M17: trade_flow_v1 | N17: 0.59 | O17: 0.0016
A18: 45954 | B18: 45954 | C18: AAL | D18: AAL | E18: 20 | F18: bullish | G18: 1 | H18: 13 | I18: 13.89 | J18: 12.9 | K18: 13.78 | L18: 0.78 | M18: trade_flow_v1 | N18: 7.91 | O18: 0.06
A19: 45954 | B19: 45954 | C19: HON | D19: HON | E19: 21 | F19: bullish | G19: 1 | H19: 206.99 | I19: 206.99 | J19: 201.2 | K19: 202.5 | L19: -4.49 | M19: trade_flow_v1 | N19: -2.05 | O19: -0.0217
A20: 45954 | B20: 45954 | C20: GM | D20: GM | E20: 22 | H20: 67.46 | I20: 69.7 | J20: 67.29 | K20: 69.66 | L20: 2.2 | M20: trade_flow_v1 | N20: 4.2 | O20: 0.0326
A21: 45955 | B21: 45955 | C21: AMD | D21: AMD | E21: 23 | F21: bullish | G21: 1 | H21: 243.36 | I21: 253.39 | J21: 241.95 | K21: 252.92 | L21: 9.56 | M21: trade_flow_v1 | N21: 7.63 | O21: 0.0393
A22: 45955 | B22: 45955 | C22: MSFT | D22: MSFT | E22: 24 | F22: bullish | G22: 1 | H22: 521.81 | I22: 524.37 | J22: 519.74 | K22: 522.63 | L22: 0.82 | M22: trade_flow_v1 | N22: 0.59 | O22: 0.0016
A23: 45955 | B23: 45955 | C23: AAL | D23: AAL | E23: 25 | F23: bullish | G23: 1 | H23: 13 | I23: 13.89 | J23: 12.9 | K23: 13.78 | L23: 0.78 | M23: trade_flow_v1 | N23: 7.91 | O23: 0.06
A24: 45955 | B24: 45955 | C24: HON | D24: HON | E24: 26 | F24: bullish | G24: 1 | H24: 206.99 | I24: 206.99 | J24: 201.2 | K24: 202.5 | L24: -4.49 | M24: trade_flow_v1 | N24: -2.05 | O24: -0.0217
A25: 45955 | B25: 45955 | C25: PFE | D25: PFE | E25: 27 | F25: bearish | G25: 1 | H25: 24.27 | I25: 24.4 | J25: 24.25 | K25: 24.33 | L25: 0.06 | M25: trade_flow_v1 | N25: 0.36 | O25: 0.0025
A26: 45956 | B26: 45956 | C26: AMD | D26: AMD | E26: 28 | F26: bullish | G26: 1 | H26: 243.36 | I26: 253.39 | J26: 241.95 | K26: 252.92 | L26: 9.56 | M26: trade_flow_v1 | N26: 7.63 | O26: 0.0393
A27: 45956 | B27: 45956 | C27: MSFT | D27: MSFT | E27: 29 | F27: bullish | G27: 1 | H27: 521.81 | I27: 524.37 | J27: 519.74 | K27: 522.63 | L27: 0.82 | M27: trade_flow_v1 | N27: 0.59 | O27: 0.0016
A28: 45956 | B28: 45956 | C28: AAL | D28: AAL | E28: 30 | F28: bullish | G28: 1 | H28: 13 | I28: 13.89 | J28: 12.9 | K28: 13.78 | L28: 0.78 | M28: trade_flow_v1 | N28: 7.91 | O28: 0.06
A29: 45956 | B29: 45956 | C29: HON | D29: HON | E29: 31 | F29: bullish | G29: 1 | H29: 206.99 | I29: 206.99 | J29: 201.2 | K29: 202.5 | L29: -4.49 | M29: trade_flow_v1 | N29: -2.05 | O29: -0.0217
A30: 45956 | B30: 45956 | C30: PFE | D30: PFE | E30: 32 | F30: bearish | G30: 1 | H30: 24.27 | I30: 24.4 | J30: 24.25 | K30: 24.33 | L30: 0.06 | M30: trade_flow_v1 | N30: 0.36 | O30: 0.0025
A31: 45956 | B31: 45956 | C31: AMD | D31: AMD | E31: 33 | F31: bullish | G31: 1 | H31: 243.36 | I31: 253.39 | J31: 241.95 | K31: 252.92 | L31: 9.56 | M31: trade_flow_v1 | N31: 7.63 | O31: 0.0393
A32: 45956 | B32: 45956 | C32: MSFT | D32: MSFT | E32: 34 | F32: bullish | G32: 1 | H32: 521.81 | I32: 524.37 | J32: 519.74 | K32: 522.63 | L32: 0.82 | M32: trade_flow_v1 | N32: 0.59 | O32: 0.0016
... A110: 45957 | B110: 45957 | C110: PFE | D110: PFE | E110: 112 | F110: bearish | G110: 1 | H110: 24.31 | I110: 24.37 | J110: 24.2 | K110: 24.34 | L110: 0.03 | M110: trade_flow_v1 | N110: 0.04 | O110: 0.0012
A111: 45957 | B111: 45957 | C111: AMD | D111: AMD | E111: 113 | H111: 257.88 | I111: 260.42 | J111: 249.8 | K111: 259.67 | L111: 1.79 | M111: trade_flow_v1 | N111: 2.67 | O111: 0.0069
A112: 45957 | B112: 45957 | C112: MSFT | D112: MSFT | E112: 114 | H112: 530.79 | I112: 533.58 | J112: 528.02 | K112: 530.53 | L112: -0.26 | M112: trade_flow_v1 | N112: 1.51 | O112: -0.0005
A113: 45957 | B113: 45957 | C113: AAL | D113: AAL | E113: 115 | H113: 13.78 | I113: 13.85 | J113: 13.34 | K113: 13.41 | L113: -0.37 | M113: trade_flow_v1 | N113: -2.69 | O113: -0.0269
A114: 45957 | B114: 45957 | C114: HON | D114: HON | E114: 116 | H114: 205.14 | I114: 205.38 | J114: 201.15 | K114: 201.5 | L114: -3.64 | M114: trade_flow_v1 | N114: -0.5 | O114: -0.0177
A115: 45957 | B115: 45957 | C115: PFE | D115: PFE | E115: 117 | H115: 24.31 | I115: 24.37 | J115: 24.2 | K115: 24.34 | L115: 0.03 | M115: trade_flow_v1 | N115: 0.04 | O115: 0.0012
A116: 45957 | B116: 45957 | C116: DYN | D116: DYN | E116: 118 | F116: bearish | G116: 1 | H116: 23.4 | I116: 24.95 | J116: 23 | K116: 24.17 | L116: 0.77 | M116: trade_flow_v1 | N116: 41.18 | O116: 0.0329
A117: 45957 | B117: 45957 | C117: LULU | D117: LULU | E117: 119 | F117: bearish | G117: 1 | H117: 186.43 | I117: 186.91 | J117: 181.33 | K117: 181.39 | L117: -5.04 | M117: trade_flow_v1 | N117: 1.81 | O117: -0.027
A118: 45957 | B118: 45957 | C118: TSLA | D118: TSLA | E118: 120 | F118: bearish | G118: 1 | H118: 439.98 | I118: 460.16 | J118: 438.69 | K118: 452.42 | L118: 12.44 | M118: trade_flow_v1 | N118: 4.31 | O118: 0.0283
A119: 45957 | B119: 45957 | C119: NVDA | D119: NVDA | E119: 121 | F119: bearish | G119: 1 | H119: 189.99 | I119: 192 | J119: 188.43 | K119: 191.49 | L119: 1.5 | M119: trade_flow_v1 | N119: 2.81 | O119: 0.0079
A120: 45957 | B120: 45957 | C120: AAPL | D120: AAPL | E120: 122 | H120: 264.62 | I120: 268.86 | J120: 264.39 | K120: 268.55 | L120: 3.93 | M120: trade_flow_v1 | N120: 2.28 | O120: 0.0149
A121: 45958 | B121: 45958 | C121: DYN | D121: DYN | F121: =VLOOKUP(P121,'llm reader copy paste from py'!$E:$F,2,0) -> #N/A | H121: 24.13 | I121: 25 | J121: 23.78 | K121: 24.29 | L121: 0.16 | M121: trade_flow_v1 | N121: 0.5 | O121: 0.0066 | P121: =_xlfn.CONCAT(B121,C121) -> 45958DYN
A122: 45958 | B122: 45958 | C122: LULU | D122: LULU | F122: =VLOOKUP(P122,'llm reader copy paste from py'!$E:$F,2,0) -> bullish | H122: 181.4 | I122: 181.52 | J122: 175.18 | K122: 179.98 | L122: -1.42 | M122: trade_flow_v1 | N122: -0.78 | O122: -0.0078 | P122: =_xlfn.CONCAT(B122,C122) -> 45958LULU
A123: 45958 | B123: 45958 | C123: NVDA | D123: NVDA | F123: =VLOOKUP(P123,'llm reader copy paste from py'!$E:$F,2,0) -> bullish | H123: 193.05 | I123: 203.15 | J123: 191.91 | K123: 201.03 | L123: 7.98 | M123: trade_flow_v1 | N123: 4.98 | O123: 0.0413 | P123: =_xlfn.CONCAT(B123,C123) -> 45958NVDA
A124: 45958 | B124: 45958 | C124: AAPL | D124: AAPL | F124: =VLOOKUP(P124,'llm reader copy paste from py'!$E:$F,2,0) -> bearish | H124: 268.73 | I124: 269.63 | J124: 267.89 | K124: 268.74 | L124: 0.01 | M124: trade_flow_v1 | N124: 0.07 | O124: 0 | P124: =_xlfn.CONCAT(B124,C124) -> 45958AAPL
A125: 45958 | B125: 45958 | C125: AMD | D125: AMD | F125: =VLOOKUP(P125,'llm reader copy paste from py'!$E:$F,2,0) -> bearish | H125: 259.14 | I125: 264.58 | J125: 257 | K125: 258.01 | L125: -1.13 | M125: trade_flow_v1 | N125: -0.64 | O125: -0.0044 | P125: =_xlfn.CONCAT(B125,C125) -> 45958AMD
A126: 45959 | B126: 45959 | C126: MSFT | D126: MSFT | F126: =VLOOKUP(P126,'llm reader copy paste from py'!$E:$F,2,0) -> bullish | H126: 543.92 | I126: 545.25 | J126: 535.73 | K126: 540.54 | L126: -3.38 | M126: trade_flow_v1 | N126: -0.1 | O126: -0.0062 | P126: =_xlfn.CONCAT(B126,C126) -> 45959MSFT
A127: 45959 | B127: 45959 | C127: NVDA | D127: NVDA | F127: =VLOOKUP(P127,'llm reader copy paste from py'!$E:$F,2,0) -> bullish | H127: 207.98 | I127: 212.19 | J127: 204.78 | K127: 207.04 | L127: -0.94 | M127: trade_flow_v1 | N127: 2.99 | O127: -0.0045 | P127: =_xlfn.CONCAT(B127,C127) -> 45959NVDA
A128: 45959 | B128: 45959 | C128: AMZN | D128: AMZN | F128: =VLOOKUP(P128,'llm reader copy paste from py'!$E:$F,2,0) -> bullish | H128: 231.67 | I128: 232.82 | J128: 227.76 | K128: 230.3 | L128: -1.37 | M128: trade_flow_v1 | N128: 0.46 | O128: -0.0059 | P128: =_xlfn.CONCAT(B128,C128) -> 45959AMZN
A129: 45959 | B129: 45959 | C129: UAL | D129: UAL | F129: =VLOOKUP(P129,'llm reader copy paste from py'!$E:$F,2,0) -> bullish | H129: 95.21 | I129: 97.57 | J129: 94.5 | K129: 95.93 | L129: 0.72 | M129: trade_flow_v1 | N129: 1.04 | O129: 0.0076 | P129: =_xlfn.CONCAT(B129,C129) -> 45959UAL
A130: 45959 | B130: 45959 | C130: PYPL | D130: PYPL | F130: =VLOOKUP(P130,'llm reader copy paste from py'!$E:$F,2,0) -> bearish | H130: 72.53 | I130: 72.56 | J130: 69.16 | K130: 69.52 | L130: -3.01 | M130: trade_flow_v1 | N130: -4.57 | O130: -0.0415 | P130: =_xlfn.CONCAT(B130,C130) -> 45959PYPL
A131: 45960 | B131: 45960 | C131: NOW | D131: NOW | F131: =VLOOKUP(P131,'llm reader copy paste from py'!$E:$F,2,0) -> bullish | H131: 926.73 | I131: 964.83 | J131: 896.93 | K131: 934.68 | L131: 7.95 | M131: trade_flow_v1 | N131: 2.52 | O131: 0.0086 | P131: =_xlfn.CONCAT(B131,C131) -> 45960NOW
A132: 45960 | B132: 45960 | C132: CVNA | D132: CVNA | F132: =VLOOKUP(P132,'llm reader copy paste from py'!$E:$F,2,0) -> bearish | H132: 312.1 | I132: 326.71 | J132: 301.26 | K132: 305.07 | L132: -7.03 | M132: trade_flow_v1 | N132: -13.81 | O132: -0.0225 | P132: =_xlfn.CONCAT(B132,C132) -> 45960CVNA
... A186: 45968 | B186: 45968 | C186: EXPE | D186: EXPE | F186: =VLOOKUP(P186,'llm reader copy paste from py'!$E:$F,2,0) -> bearish | H186: 246.59 | I186: 263.76 | J186: 245.36 | K186: 257.82 | L186: 11.23 | M186: trade_flow_v1 | N186: 17.55 | O186: 0.0455 | P186: =_xlfn.CONCAT(B186,C186) -> 45968EXPE
A187: 45968 | B187: 45968 | C187: DASH | D187: DOORDASH | F187: =VLOOKUP(P187,'llm reader copy paste from py'!$E:$F,2,0) -> bullish | M187: trade_flow_v1 | P187: =_xlfn.CONCAT(B187,C187) -> 45968DASH
A188: 45968 | B188: 45968 | C188: LYFT | D188: LYFT | F188: =VLOOKUP(P188,'llm reader copy paste from py'!$E:$F,2,0) -> bearish | H188: 21.06 | I188: 22.1 | J188: 20.52 | K188: 22.04 | L188: 0.98 | M188: trade_flow_v1 | N188: 3.72 | O188: 0.0465 | P188: =_xlfn.CONCAT(B188,C188) -> 45968LYFT
A189: 45968 | B189: 45968 | C189: AMZN | D189: AMZN | F189: =VLOOKUP(P189,'llm reader copy paste from py'!$E:$F,2,0) -> bullish | H189: 242.9 | I189: 244.9 | J189: 238.49 | K189: 244.41 | L189: 1.51 | M189: trade_flow_v1 | N189: 0.56 | O189: 0.0062 | P189: =_xlfn.CONCAT(B189,C189) -> 45968AMZN
A190: 45968 | B190: 45968 | C190: MCD | D190: MCD | F190: =VLOOKUP(P190,'llm reader copy paste from py'!$E:$F,2,0) -> bullish | H190: 300.34 | I190: 302.55 | J190: 298.33 | K190: 299.66 | L190: -0.68 | M190: trade_flow_v1 | N190: 0.42 | O190: -0.0023 | P190: =_xlfn.CONCAT(B190,C190) -> 45968MCD
A191: 45971 | B191: 45971 | C191: EXPE | D191: EXPE | F191: =VLOOKUP(P191,'llm reader copy paste from py'!$E:$F,2,0) -> bullish | H191: 261.86 | I191: 269.77 | J191: 260.15 | K191: 267.59 | L191: 5.73 | M191: trade_flow_v1 | N191: 3.79 | O191: 0.0219 | P191: =_xlfn.CONCAT(B191,C191) -> 45971EXPE
A192: 45971 | B192: 45971 | C192: TSLA | D192: TSLA | F192: =VLOOKUP(P192,'llm reader copy paste from py'!$E:$F,2,0) -> bearish | H192: 439.6 | I192: 449.67 | J192: 433.36 | K192: 445.23 | L192: 5.63 | M192: trade_flow_v1 | N192: 3.66 | O192: 0.0128 | P192: =_xlfn.CONCAT(B192,C192) -> 45971TSLA
A193: 45971 | B193: 45971 | C193: PTON | D193: PTON | F193: =VLOOKUP(P193,'llm reader copy paste from py'!$E:$F,2,0) -> bearish | H193: 7.72 | I193: 7.92 | J193: 7.41 | K193: 7.44 | L193: -0.28 | M193: trade_flow_v1 | N193: -2.87 | O193: -0.0363 | P193: =_xlfn.CONCAT(B193,C193) -> 45971PTON
A194: 45971 | B194: 45971 | C194: AMD | D194: AMD | F194: =VLOOKUP(P194,'llm reader copy paste from py'!$E:$F,2,0) -> bullish | H194: 242.14 | I194: 248.9 | J194: 240.5 | K194: 243.98 | L194: 1.84 | M194: trade_flow_v1 | N194: 4.47 | O194: 0.0076 | P194: =_xlfn.CONCAT(B194,C194) -> 45971AMD
A195: 45971 | B195: 45971 | C195: PENN | D195: PENN | F195: =VLOOKUP(P195,'llm reader copy paste from py'!$E:$F,2,0) -> bearish | H195: 15.03 | I195: 15.92 | J195: 15 | K195: 15.6 | L195: 0.57 | M195: trade_flow_v1 | N195: 7.29 | O195: 0.0379 | P195: =_xlfn.CONCAT(B195,C195) -> 45971PENN
A196: 45972 | B196: 45972 | C196: CLOV | D196: CLOV | F196: =VLOOKUP(P196,'llm reader copy paste from py'!$E:$F,2,0) -> bullish | H196: 2.6 | I196: 2.63 | J196: 2.52 | K196: 2.55 | L196: -0.05 | M196: trade_flow_v1 | N196: -1.92 | O196: -0.0192 | P196: =_xlfn.CONCAT(B196,C196) -> 45972CLOV
A197: 45972 | B197: 45972 | C197: AMD | D197: AMD | F197: =VLOOKUP(P197,'llm reader copy paste from py'!$E:$F,2,0) -> bearish | H197: 241.66 | I197: 248.46 | J197: 234.64 | K197: 237.52 | L197: -4.14 | M197: trade_flow_v1 | N197: -2.65 | O197: -0.0171 | P197: =_xlfn.CONCAT(B197,C197) -> 45972AMD
A198: 45972 | B198: 45972 | C198: NVDA | D198: NVDA | F198: =VLOOKUP(P198,'llm reader copy paste from py'!$E:$F,2,0) -> bullish | H198: 195.16 | I198: 195.42 | J198: 191.3 | K198: 193.16 | L198: -2 | M198: trade_flow_v1 | N198: -2.96 | O198: -0.0102 | P198: =_xlfn.CONCAT(B198,C198) -> 45972NVDA
A199: 45972 | B199: 45972 | C199: TSLA | D199: TSLA | F199: =VLOOKUP(P199,'llm reader copy paste from py'!$E:$F,2,0) -> bearish | H199: 439.4 | I199: 442.49 | J199: 432.36 | K199: 439.62 | L199: 0.22 | M199: trade_flow_v1 | N199: -1.26 | O199: 0.0005 | P199: =_xlfn.CONCAT(B199,C199) -> 45972TSLA
... A210: 45974 | B210: 45974 | C210: F | D210: F | F210: =VLOOKUP(P210,'llm reader copy paste from py'!$E:$F,2,0) -> bearish | H210: 13.4 | I210: 13.5 | J210: 13.25 | K210: 13.28 | L210: -0.12 | M210: trade_flow_v1 | N210: -1.26 | O210: -0.009 | P210: =_xlfn.CONCAT(B210,C210) -> 45974F
A211: 45974 | B211: 45974 | F211: =VLOOKUP(P211,'llm reader copy paste from py'!$E:$F,2,0) -> #N/A | M211: trade_flow_v1 | P211: =_xlfn.CONCAT(B211,C211) -> 45974
A212: 45975 | B212: 45975 | C212: NKE | D212: NKE | F212: =VLOOKUP(P212,'llm reader copy paste from py'!$E:$F,2,0) -> bearish | H212: 64.94 | I212: 65.06 | J212: 63.75 | K212: 64.17 | L212: -0.77 | M212: trade_flow_v1 | N212: -2.82 | O212: -0.0119 | P212: =_xlfn.CONCAT(B212,C212) -> 45975NKE
A213: 45975 | B213: 45975 | C213: AMD | D213: AMD | F213: =VLOOKUP(P213,'llm reader copy paste from py'!$E:$F,2,0) -> bearish | H213: 240.11 | I213: 253.44 | J213: 235.08 | K213: 246.81 | L213: 6.7 | M213: trade_flow_v1 | N213: -0.46 | O213: 0.0279 | P213: =_xlfn.CONCAT(B213,C213) -> 45975AMD
A214: 45975 | B214: 45975 | C214: NVDA | D214: NVDA | F214: =VLOOKUP(P214,'llm reader copy paste from py'!$E:$F,2,0) -> bearish | H214: 182.86 | I214: 191.01 | J214: 180.58 | K214: 190.17 | L214: 7.31 | M214: trade_flow_v1 | N214: 1.77 | O214: 0.04 | P214: =_xlfn.CONCAT(B214,C214) -> 45975NVDA
A215: 45975 | B215: 45975 | C215: MU | D215: MU | F215: =VLOOKUP(P215,'llm reader copy paste from py'!$E:$F,2,0) -> bullish | H215: 231.45 | I215: 255.17 | J215: 231.23 | K215: 246.83 | L215: 15.38 | M215: trade_flow_v1 | N215: 4.17 | O215: 0.0665 | P215: =_xlfn.CONCAT(B215,C215) -> 45975MU
A216: 45975 | B216: 45975 | C216: DIS | D216: DIS | F216: =VLOOKUP(P216,'llm reader copy paste from py'!$E:$F,2,0) -> bearish | H216: 107.52 | I216: 108.73 | J216: 105.3 | K216: 105.8 | L216: -1.72 | M216: trade_flow_v1 | N216: -1.68 | O216: -0.016 | P216: =_xlfn.CONCAT(B216,C216) -> 45975DIS
A217: 45978 | B217: 45978 | C217: GOOGL | D217: GOOGL | F217: =VLOOKUP(P217,'llm reader copy paste from py'!$E:$F,2,0) -> bearish | H217: 285.78 | I217: 293.95 | J217: 283.57 | K217: 285.02 | L217: -0.76 | M217: trade_flow_v1 | N217: 3.11 | O217: -0.0027 | P217: =_xlfn.CONCAT(B217,C217) -> 45978GOOGL
A218: 45978 | B218: 45978 | C218: MSFT | D218: MSFT | F218: =VLOOKUP(P218,'llm reader copy paste from py'!$E:$F,2,0) -> neutral | H218: 507.5 | I218: 511.16 | J218: 503.97 | K218: 506.54 | L218: -0.96 | M218: trade_flow_v1 | N218: -0.53 | O218: -0.0019 | P218: =_xlfn.CONCAT(B218,C218) -> 45978MSFT
A219: 45978 | B219: 45978 | C219: NVDA | D219: NVDA | F219: =VLOOKUP(P219,'llm reader copy paste from py'!$E:$F,2,0) -> bullish | H219: 185.97 | I219: 189 | J219: 184.32 | K219: 186.6 | L219: 0.63 | M219: trade_flow_v1 | N219: -1.88 | O219: 0.0034 | P219: =_xlfn.CONCAT(B219,C219) -> 45978NVDA
A220: 45978 | B220: 45978 | C220: AAPL | D220: AAPL | F220: =VLOOKUP(P220,'llm reader copy paste from py'!$E:$F,2,0) -> bullish | H220: 268.82 | I220: 270.49 | J220: 265.73 | K220: 267.46 | L220: -1.36 | M220: trade_flow_v1 | N220: -1.82 | O220: -0.0051 | P220: =_xlfn.CONCAT(B220,C220) -> 45978AAPL
A221: 45978 | B221: 45978 | C221: AMZN | D221: AMZN | F221: =VLOOKUP(P221,'llm reader copy paste from py'!$E:$F,2,0) -> bullish | H221: 233.25 | I221: 234.6 | J221: 229.19 | K221: 232.87 | L221: -0.38 | M221: trade_flow_v1 | N221: -0.78 | O221: -0.0016 | P221: =_xlfn.CONCAT(B221,C221) -> 45978AMZN
A222: 45979 | B222: 45979 | C222: ADBE | D222: ADBE | F222: =VLOOKUP(P222,'llm reader copy paste from py'!$E:$F,2,0) -> bullish | H222: 323.78 | I222: 326.64 | J222: 320.8 | K222: 324.47 | L222: 0.69 | M222: trade_flow_v1 | N222: -0.18 | O222: 0.0021 | P222: =_xlfn.CONCAT(B222,C222) -> 45979ADBE
A223: 45979 | B223: 45979 | C223: SQ | D223: BLOCK | F223: =VLOOKUP(P223,'llm reader copy paste from py'!$E:$F,2,0) -> bearish | M223: trade_flow_v1 | P223: =_xlfn.CONCAT(B223,C223) -> 45979SQ
A224: 45979 | B224: 45979 | C224: CRM | D224: CRM | F224: =VLOOKUP(P224,'llm reader copy paste from py'!$E:$F,2,0) -> bullish | H224: 236.24 | I224: 237.79 | J224: 230.27 | K224: 233.5 | L224: -2.74 | M224: trade_flow_v1 | N224: -1.49 | O224: -0.0116 | P224: =_xlfn.CONCAT(B224,C224) -> 45979CRM
A225: 45979 | B225: 45979 | C225: NVDA | D225: NVDA | F225: =VLOOKUP(P225,'llm reader copy paste from py'!$E:$F,2,0) -> bullish | H225: 183.38 | I225: 184.8 | J225: 179.65 | K225: 181.36 | L225: -2.02 | M225: trade_flow_v1 | N225: -2.81 | O225: -0.011 | P225: =_xlfn.CONCAT(B225,C225) -> 45979NVDA
A226: 45979 | B226: 45979 | C226: ORCL | D226: ORCL | F226: =VLOOKUP(P226,'llm reader copy paste from py'!$E:$F,2,0) -> bullish | H226: 216.21 | I226: 223.7 | J226: 214.5 | K226: 220.49 | L226: 4.28 | M226: trade_flow_v1 | N226: 0.29 | O226: 0.0198 | P226: =_xlfn.CONCAT(B226,C226) -> 45979ORCL
A227: 45980 | B227: 45980 | C227: AAPL | D227: AAPL | F227: =VLOOKUP(P227,'llm reader copy paste from py'!$E:$F,2,0) -> bullish | H227: 265.53 | I227: 272.21 | J227: 265.5 | K227: 268.56 | L227: 3.03 | M227: trade_flow_v1 | N227: 0.42 | O227: 0.0114 | P227: =_xlfn.CONCAT(B227,C227) -> 45980AAPL
A228: 45980 | B228: 45980 | C228: NVDA | D228: NVDA | F228: =VLOOKUP(P228,'llm reader copy paste from py'!$E:$F,2,0) -> bullish | H228: 184.79 | I228: 187.86 | J228: 182.83 | K228: 186.52 | L228: 1.73 | M228: trade_flow_v1 | N228: 2.85 | O228: 0.0094 | P228: =_xlfn.CONCAT(B228,C228) -> 45980NVDA
A229: 45980 | B229: 45980 | C229: GOOG | D229: GOOG | F229: =VLOOKUP(P229,'llm reader copy paste from py'!$E:$F,2,0) -> bearish | H229: 287.68 | I229: 304.25 | J229: 287.67 | K229: 292.99 | L229: 5.31 | M229: trade_flow_v1 | N229: 2.82 | O229: 0.0185 | P229: =_xlfn.CONCAT(B229,C229) -> 45980GOOG
A230: 45980 | B230: 45980 | C230: DIS | D230: DIS | F230: =VLOOKUP(P230,'llm reader copy paste from py'!$E:$F,2,0) -> bullish | H230: 106.08 | I230: 107.59 | J230: 104.08 | K230: 104.67 | L230: -1.41 | M230: trade_flow_v1 | N230: -1.51 | O230: -0.0133 | P230: =_xlfn.CONCAT(B230,C230) -> 45980DIS
A231: 45980 | B231: 45980 | C231: AMZN | D231: AMZN | F231: =VLOOKUP(P231,'llm reader copy paste from py'!$E:$F,2,0) -> bullish | H231: 223.74 | I231: 223.74 | J231: 218.52 | K231: 222.69 | L231: -1.05 | M231: trade_flow_v1 | N231: 0.06 | O231: -0.0047 | P231: =_xlfn.CONCAT(B231,C231) -> 45980AMZN
A232: 45981 | B232: 45981 | C232: META | D232: META | F232: =VLOOKUP(P232,'llm reader copy paste from py'!$E:$F,2,0) -> bullish | H232: 603.5 | I232: 606.72 | J232: 583.35 | K232: 589.15 | L232: -14.35 | M232: trade_flow_v1 | N232: -0.2 | O232: -0.0238 | P232: =_xlfn.CONCAT(B232,C232) -> 45981META
A233: 45981 | B233: 45981 | C233: TSLA | D233: TSLA | F233: =VLOOKUP(P233,'llm reader copy paste from py'!$E:$F,2,0) -> bearish | H233: 414.63 | I233: 428.94 | J233: 394.74 | K233: 395.23 | L233: -19.4 | M233: trade_flow_v1 | N233: -2.17 | O233: -0.0468 | P233: =_xlfn.CONCAT(B233,C233) -> 45981TSLA
A234: 45981 | B234: 45981 | C234: MSFT | D234: MSFT | F234: =VLOOKUP(P234,'llm reader copy paste from py'!$E:$F,2,0) -> bullish | H234: 492.71 | I234: 493.57 | J234: 475.5 | K234: 478.43 | L234: -14.28 | M234: trade_flow_v1 | N234: -1.6 | O234: -0.029 | P234: =_xlfn.CONCAT(B234,C234) -> 45981MSFT
A235: 45981 | B235: 45981 | C235: SQ | D235: SQ | F235: =VLOOKUP(P235,'llm reader copy paste from py'!$E:$F,2,0) -> bullish | M235: trade_flow_v1 | P235: =_xlfn.CONCAT(B235,C235) -> 45981SQ
A236: 45981 | B236: 45981 | C236: NFLX | D236: NFLX | F236: =VLOOKUP(P236,'llm reader copy paste from py'!$E:$F,2,0) -> bullish | H236: 111 | I236: 111.1 | J236: 105.39 | K236: 105.67 | L236: -5.33 | M236: trade_flow_v1 | N236: -3.94 | O236: -0.048 | P236: =_xlfn.CONCAT(B236,C236) -> 45981NFLX
A237: 45982 | B237: 45982 | C237: ROST | D237: ROST | F237: =VLOOKUP(P237,'llm reader copy paste from py'!$E:$F,2,0) -> bullish | H237: 166.73 | I237: 174.86 | J237: 163.51 | K237: 174 | L237: 7.27 | M237: trade_flow_v1 | N237: 8.41 | O237: 0.0436 | P237: =_xlfn.CONCAT(B237,C237) -> 45982ROST
A238: 45982 | B238: 45982 | C238: GPS | D238: GPS | F238: =VLOOKUP(P238,'llm reader copy paste from py'!$E:$F,2,0) -> bullish | M238: trade_flow_v1 | P238: =_xlfn.CONCAT(B238,C238) -> 45982GPS
A239: 45982 | B239: 45982 | C239: NVDA | D239: NVDA | F239: =VLOOKUP(P239,'llm reader copy paste from py'!$E:$F,2,0) -> bullish | H239: 181.24 | I239: 184.56 | J239: 172.93 | K239: 178.88 | L239: -2.36 | M239: trade_flow_v1 | N239: -0.97 | O239: -0.013 | P239: =_xlfn.CONCAT(B239,C239) -> 45982NVDA
A240: 45982 | B240: 45982 | C240: TJX | D240: TJX | F240: =VLOOKUP(P240,'llm reader copy paste from py'!$E:$F,2,0) -> bullish | H240: 149.06 | I240: 152.58 | J240: 148.82 | K240: 151.43 | L240: 2.37 | M240: trade_flow_v1 | N240: 2.27 | O240: 0.0159 | P240: =_xlfn.CONCAT(B240,C240) -> 45982TJX
...
